Workbook

Sheet 채널옵션
A1: 채널코드 | B1: 채널명 | C1: 구성코드 | D1: 구성명 | E1: 가격정책 | F1: 광고코드 | G1: 쇼핑몰상품코드 | H1: 쇼핑몰옵션명 | I1: 사방넷코드 | J1: 판매가 | K1: 구성원가 | L1: 공급가 | M1: 수수료 | N1: 마진 | O1: 마진율 | P1: 상태
B2: =IF(A2="","",IFERROR(INDEX('판매채널'!$B$2:$B$501,MATCH(A2,'판매채널'!$A$2:$A$501,0)),"")) | D2: =IF(C2="","",IFERROR(INDEX('판매구성'!$B$2:$B$501,MATCH(C2,'판매구성'!$A$2:$A$501,0)),"")) | I2: =IF(C2="","",IFERROR(INDEX('판매구성'!$C$2:$C$501,MATCH(C2,'판매구성'!$A$2:$A$501,0)),"")) | J2: =IF(OR(C2="",E2=""),"",IFERROR(IF(INDEX('가격표'!$D$2:$K$501,MATCH(C2,'가격표'!$A$2:$A$501,0),MATCH(E2,'가격표'!$D$1:$K$1,0))="","",INDEX('가격표'!$D$2:$K$501,MATCH(C2,'가격표'!$A$2:$A$501,0),MATCH(E2,'가격표'!$D$1:$K$1,0))),"")) | K2: =IF(C2="","",IFERROR(INDEX('판매구성'!$D$2:$D$501,MATCH(C2,'판매구성'!$A$2:$A$501,0)),"")) | L2: =IF(OR(J2="",K2=""),"",ROUND(J2-(J2-K2)*'설정'!$B$2,0)) | M2: =IF(OR(A2="",J2=""),"",ROUND(J2*N(IFERROR(INDEX('판매채널'!$F$2:$F$501,MATCH(A2,'판매채널'!$A$2:$A$501,0)),"")),0)) | N2: =IF(OR(J2="",K2=""),"",J2-M2-K2) | O2: =IF(OR(J2="",J2=0),"",N2/J2)
B3: =IF(A3="","",IFERROR(INDEX('판매채널'!$B$2:$B$501,MATCH(A3,'판매채널'!$A$2:$A$501,0)),"")) | D3: =IF(C3="","",IFERROR(INDEX('판매구성'!$B$2:$B$501,MATCH(C3,'판매구성'!$A$2:$A$501,0)),"")) | I3: =IF(C3="","",IFERROR(INDEX('판매구성'!$C$2:$C$501,MATCH(C3,'판매구성'!$A$2:$A$501,0)),"")) | J3: =IF(OR(C3="",E3=""),"",IFERROR(IF(INDEX('가격표'!$D$2:$K$501,MATCH(C3,'가격표'!$A$2:$A$501,0),MATCH(E3,'가격표'!$D$1:$K$1,0))="","",INDEX('가격표'!$D$2:$K$501,MATCH(C3,'가격표'!$A$2:$A$501,0),MATCH(E3,'가격표'!$D$1:$K$1,0))),"")) | K3: =IF(C3="","",IFERROR(INDEX('판매구성'!$D$2:$D$501,MATCH(C3,'판매구성'!$A$2:$A$501,0)),"")) | L3: =IF(OR(J3="",K3=""),"",ROUND(J3-(J3-K3)*'설정'!$B$2,0)) | M3: =IF(OR(A3="",J3=""),"",ROUND(J3*N(IFERROR(INDEX('판매채널'!$F$2:$F$501,MATCH(A3,'판매채널'!$A$2:$A$501,0)),"")),0)) | N3: =IF(OR(J3="",K3=""),"",J3-M3-K3) | O3: =IF(OR(J3="",J3=0),"",N3/J3)
B4: =IF(A4="","",IFERROR(INDEX('판매채널'!$B$2:$B$501,MATCH(A4,'판매채널'!$A$2:$A$501,0)),"")) | D4: =IF(C4="","",IFERROR(INDEX('판매구성'!$B$2:$B$501,MATCH(C4,'판매구성'!$A$2:$A$501,0)),"")) | I4: =IF(C4="","",IFERROR(INDEX('판매구성'!$C$2:$C$501,MATCH(C4,'판매구성'!$A$2:$A$501,0)),"")) | J4: =IF(OR(C4="",E4=""),"",IFERROR(IF(INDEX('가격표'!$D$2:$K$501,MATCH(C4,'가격표'!$A$2:$A$501,0),MATCH(E4,'가격표'!$D$1:$K$1,0))="","",INDEX('가격표'!$D$2:$K$501,MATCH(C4,'가격표'!$A$2:$A$501,0),MATCH(E4,'가격표'!$D$1:$K$1,0))),"")) | K4: =IF(C4="","",IFERROR(INDEX('판매구성'!$D$2:$D$501,MATCH(C4,'판매구성'!$A$2:$A$501,0)),"")) | L4: =IF(OR(J4="",K4=""),"",ROUND(J4-(J4-K4)*'설정'!$B$2,0)) | M4: =IF(OR(A4="",J4=""),"",ROUND(J4*N(IFERROR(INDEX('판매채널'!$F$2:$F$501,MATCH(A4,'판매채널'!$A$2:$A$501,0)),"")),0)) | N4: =IF(OR(J4="",K4=""),"",J4-M4-K4) | O4: =IF(OR(J4="",J4=0),"",N4/J4)
B5: =IF(A5="","",IFERROR(INDEX('판매채널'!$B$2:$B$501,MATCH(A5,'판매채널'!$A$2:$A$501,0)),"")) | D5: =IF(C5="","",IFERROR(INDEX('판매구성'!$B$2:$B$501,MATCH(C5,'판매구성'!$A$2:$A$501,0)),"")) | I5: =IF(C5="","",IFERROR(INDEX('판매구성'!$C$2:$C$501,MATCH(C5,'판매구성'!$A$2:$A$501,0)),"")) | J5: =IF(OR(C5="",E5=""),"",IFERROR(IF(INDEX('가격표'!$D$2:$K$501,MATCH(C5,'가격표'!$A$2:$A$501,0),MATCH(E5,'가격표'!$D$1:$K$1,0))="","",INDEX('가격표'!$D$2:$K$501,MATCH(C5,'가격표'!$A$2:$A$501,0),MATCH(E5,'가격표'!$D$1:$K$1,0))),"")) | K5: =IF(C5="","",IFERROR(INDEX('판매구성'!$D$2:$D$501,MATCH(C5,'판매구성'!$A$2:$A$501,0)),"")) | L5: =IF(OR(J5="",K5=""),"",ROUND(J5-(J5-K5)*'설정'!$B$2,0)) | M5: =IF(OR(A5="",J5=""),"",ROUND(J5*N(IFERROR(INDEX('판매채널'!$F$2:$F$501,MATCH(A5,'판매채널'!$A$2:$A$501,0)),"")),0)) | N5: =IF(OR(J5="",K5=""),"",J5-M5-K5) | O5: =IF(OR(J5="",J5=0),"",N5/J5)
B6: =IF(A6="","",IFERROR(INDEX('판매채널'!$B$2:$B$501,MATCH(A6,'판매채널'!$A$2:$A$501,0)),"")) | D6: =IF(C6="","",IFERROR(INDEX('판매구성'!$B$2:$B$501,MATCH(C6,'판매구성'!$A$2:$A$501,0)),"")) | I6: =IF(C6="","",IFERROR(INDEX('판매구성'!$C$2:$C$501,MATCH(C6,'판매구성'!$A$2:$A$501,0)),"")) | J6: =IF(OR(C6="",E6=""),"",IFERROR(IF(INDEX('가격표'!$D$2:$K$501,MATCH(C6,'가격표'!$A$2:$A$501,0),MATCH(E6,'가격표'!$D$1:$K$1,0))="","",INDEX('가격표'!$D$2:$K$501,MATCH(C6,'가격표'!$A$2:$A$501,0),MATCH(E6,'가격표'!$D$1:$K$1,0))),"")) | K6: =IF(C6="","",IFERROR(INDEX('판매구성'!$D$2:$D$501,MATCH(C6,'판매구성'!$A$2:$A$501,0)),"")) | L6: =IF(OR(J6="",K6=""),"",ROUND(J6-(J6-K6)*'설정'!$B$2,0)) | M6: =IF(OR(A6="",J6=""),"",ROUND(J6*N(IFERROR(INDEX('판매채널'!$F$2:$F$501,MATCH(A6,'판매채널'!$A$2:$A$501,0)),"")),0)) | N6: =IF(OR(J6="",K6=""),"",J6-M6-K6) | O6: =IF(OR(J6="",J6=0),"",N6/J6)
B7: =IF(A7="","",IFERROR(INDEX('판매채널'!$B$2:$B$501,MATCH(A7,'판매채널'!$A$2:$A$501,0)),"")) | D7: =IF(C7="","",IFERROR(INDEX('판매구성'!$B$2:$B$501,MATCH(C7,'판매구성'!$A$2:$A$501,0)),"")) | I7: =IF(C7="","",IFERROR(INDEX('판매구성'!$C$2:$C$501,MATCH(C7,'판매구성'!$A$2:$A$501,0)),"")) | J7: =IF(OR(C7="",E7=""),"",IFERROR(IF(INDEX('가격표'!$D$2:$K$501,MATCH(C7,'가격표'!$A$2:$A$501,0),MATCH(E7,'가격표'!$D$1:$K$1,0))="","",INDEX('가격표'!$D$2:$K$501,MATCH(C7,'가격표'!$A$2:$A$501,0),MATCH(E7,'가격표'!$D$1:$K$1,0))),"")) | K7: =IF(C7="","",IFERROR(INDEX('판매구성'!$D$2:$D$501,MATCH(C7,'판매구성'!$A$2:$A$501,0)),"")) | L7: =IF(OR(J7="",K7=""),"",ROUND(J7-(J7-K7)*'설정'!$B$2,0)) | M7: =IF(OR(A7="",J7=""),"",ROUND(J7*N(IFERROR(INDEX('판매채널'!$F$2:$F$501,MATCH(A7,'판매채널'!$A$2:$A$501,0)),"")),0)) | N7: =IF(OR(J7="",K7=""),"",J7-M7-K7) | O7: =IF(OR(J7="",J7=0),"",N7/J7)
B8: =IF(A8="","",IFERROR(INDEX('판매채널'!$B$2:$B$501,MATCH(A8,'판매채널'!$A$2:$A$501,0)),"")) | D8: =IF(C8="","",IFERROR(INDEX('판매구성'!$B$2:$B$501,MATCH(C8,'판매구성'!$A$2:$A$501,0)),"")) | I8: =IF(C8="","",IFERROR(INDEX('판매구성'!$C$2:$C$501,MATCH(C8,'판매구성'!$A$2:$A$501,0)),"")) | J8: =IF(OR(C8="",E8=""),"",IFERROR(IF(INDEX('가격표'!$D$2:$K$501,MATCH(C8,'가격표'!$A$2:$A$501,0),MATCH(E8,'가격표'!$D$1:$K$1,0))="","",INDEX('가격표'!$D$2:$K$501,MATCH(C8,'가격표'!$A$2:$A$501,0),MATCH(E8,'가격표'!$D$1:$K$1,0))),"")) | K8: =IF(C8="","",IFERROR(INDEX('판매구성'!$D$2:$D$501,MATCH(C8,'판매구성'!$A$2:$A$501,0)),"")) | L8: =IF(OR(J8="",K8=""),"",ROUND(J8-(J8-K8)*'설정'!$B$2,0)) | M8: =IF(OR(A8="",J8=""),"",ROUND(J8*N(IFERROR(INDEX('판매채널'!$F$2:$F$501,MATCH(A8,'판매채널'!$A$2:$A$501,0)),"")),0)) | N8: =IF(OR(J8="",K8=""),"",J8-M8-K8) | O8: =IF(OR(J8="",J8=0),"",N8/J8)
B9: =IF(A9="","",IFERROR(INDEX('판매채널'!$B$2:$B$501,MATCH(A9,'판매채널'!$A$2:$A$501,0)),"")) | D9: =IF(C9="","",IFERROR(INDEX('판매구성'!$B$2:$B$501,MATCH(C9,'판매구성'!$A$2:$A$501,0)),"")) | I9: =IF(C9="","",IFERROR(INDEX('판매구성'!$C$2:$C$501,MATCH(C9,'판매구성'!$A$2:$A$501,0)),"")) | J9: =IF(OR(C9="",E9=""),"",IFERROR(IF(INDEX('가격표'!$D$2:$K$501,MATCH(C9,'가격표'!$A$2:$A$501,0),MATCH(E9,'가격표'!$D$1:$K$1,0))="","",INDEX('가격표'!$D$2:$K$501,MATCH(C9,'가격표'!$A$2:$A$501,0),MATCH(E9,'가격표'!$D$1:$K$1,0))),"")) | K9: =IF(C9="","",IFERROR(INDEX('판매구성'!$D$2:$D$501,MATCH(C9,'판매구성'!$A$2:$A$501,0)),"")) | L9: =IF(OR(J9="",K9=""),"",ROUND(J9-(J9-K9)*'설정'!$B$2,0)) | M9: =IF(OR(A9="",J9=""),"",ROUND(J9*N(IFERROR(INDEX('판매채널'!$F$2:$F$501,MATCH(A9,'판매채널'!$A$2:$A$501,0)),"")),0)) | N9: =IF(OR(J9="",K9=""),"",J9-M9-K9) | O9: =IF(OR(J9="",J9=0),"",N9/J9)
B10: =IF(A10="","",IFERROR(INDEX('판매채널'!$B$2:$B$501,MATCH(A10,'판매채널'!$A$2:$A$501,0)),"")) | D10: =IF(C10="","",IFERROR(INDEX('판매구성'!$B$2:$B$501,MATCH(C10,'판매구성'!$A$2:$A$501,0)),"")) | I10: =IF(C10="","",IFERROR(INDEX('판매구성'!$C$2:$C$501,MATCH(C10,'판매구성'!$A$2:$A$501,0)),"")) | J10: =IF(OR(C10="",E10=""),"",IFERROR(IF(INDEX('가격표'!$D$2:$K$501,MATCH(C10,'가격표'!$A$2:$A$501,0),MATCH(E10,'가격표'!$D$1:$K$1,0))="","",INDEX('가격표'!$D$2:$K$501,MATCH(C10,'가격표'!$A$2:$A$501,0),MATCH(E10,'가격표'!$D$1:$K$1,0))),"")) | K10: =IF(C10="","",IFERROR(INDEX('판매구성'!$D$2:$D$501,MATCH(C10,'판매구성'!$A$2:$A$501,0)),"")) | L10: =IF(OR(J10="",K10=""),"",ROUND(J10-(J10-K10)*'설정'!$B$2,0)) | M10: =IF(OR(A10="",J10=""),"",ROUND(J10*N(IFERROR(INDEX('판매채널'!$F$2:$F$501,MATCH(A10,'판매채널'!$A$2:$A$501,0)),"")),0)) | N10: =IF(OR(J10="",K10=""),"",J10-M10-K10) | O10: =IF(OR(J10="",J10=0),"",N10/J10)
B11: =IF(A11="","",IFERROR(INDEX('판매채널'!$B$2:$B$501,MATCH(A11,'판매채널'!$A$2:$A$501,0)),"")) | D11: =IF(C11="","",IFERROR(INDEX('판매구성'!$B$2:$B$501,MATCH(C11,'판매구성'!$A$2:$A$501,0)),"")) | I11: =IF(C11="","",IFERROR(INDEX('판매구성'!$C$2:$C$501,MATCH(C11,'판매구성'!$A$2:$A$501,0)),"")) | J11: =IF(OR(C11="",E11=""),"",IFERROR(IF(INDEX('가격표'!$D$2:$K$501,MATCH(C11,'가격표'!$A$2:$A$501,0),MATCH(E11,'가격표'!$D$1:$K$1,0))="","",INDEX('가격표'!$D$2:$K$501,MATCH(C11,'가격표'!$A$2:$A$501,0),MATCH(E11,'가격표'!$D$1:$K$1,0))),"")) | K11: =IF(C11="","",IFERROR(INDEX('판매구성'!$D$2:$D$501,MATCH(C11,'판매구성'!$A$2:$A$501,0)),"")) | L11: =IF(OR(J11="",K11=""),"",ROUND(J11-(J11-K11)*'설정'!$B$2,0)) | M11: =IF(OR(A11="",J11=""),"",ROUND(J11*N(IFERROR(INDEX('판매채널'!$F$2:$F$501,MATCH(A11,'판매채널'!$A$2:$A$501,0)),"")),0)) | N11: =IF(OR(J11="",K11=""),"",J11-M11-K11) | O11: =IF(OR(J11="",J11=0),"",N11/J11)
B12: =IF(A12="","",IFERROR(INDEX('판매채널'!$B$2:$B$501,MATCH(A12,'판매채널'!$A$2:$A$501,0)),"")) | D12: =IF(C12="","",IFERROR(INDEX('판매구성'!$B$2:$B$501,MATCH(C12,'판매구성'!$A$2:$A$501,0)),"")) | I12: =IF(C12="","",IFERROR(INDEX('판매구성'!$C$2:$C$501,MATCH(C12,'판매구성'!$A$2:$A$501,0)),"")) | J12: =IF(OR(C12="",E12=""),"",IFERROR(IF(INDEX('가격표'!$D$2:$K$501,MATCH(C12,'가격표'!$A$2:$A$501,0),MATCH(E12,'가격표'!$D$1:$K$1,0))="","",INDEX('가격표'!$D$2:$K$501,MATCH(C12,'가격표'!$A$2:$A$501,0),MATCH(E12,'가격표'!$D$1:$K$1,0))),"")) | K12: =IF(C12="","",IFERROR(INDEX('판매구성'!$D$2:$D$501,MATCH(C12,'판매구성'!$A$2:$A$501,0)),"")) | L12: =IF(OR(J12="",K12=""),"",ROUND(J12-(J12-K12)*'설정'!$B$2,0)) | M12: =IF(OR(A12="",J12=""),"",ROUND(J12*N(IFERROR(INDEX('판매채널'!$F$2:$F$501,MATCH(A12,'판매채널'!$A$2:$A$501,0)),"")),0)) | N12: =IF(OR(J12="",K12=""),"",J12-M12-K12) | O12: =IF(OR(J12="",J12=0),"",N12/J12)
B13: =IF(A13="","",IFERROR(INDEX('판매채널'!$B$2:$B$501,MATCH(A13,'판매채널'!$A$2:$A$501,0)),"")) | D13: =IF(C13="","",IFERROR(INDEX('판매구성'!$B$2:$B$501,MATCH(C13,'판매구성'!$A$2:$A$501,0)),"")) | I13: =IF(C13="","",IFERROR(INDEX('판매구성'!$C$2:$C$501,MATCH(C13,'판매구성'!$A$2:$A$501,0)),"")) | J13: =IF(OR(C13="",E13=""),"",IFERROR(IF(INDEX('가격표'!$D$2:$K$501,MATCH(C13,'가격표'!$A$2:$A$501,0),MATCH(E13,'가격표'!$D$1:$K$1,0))="","",INDEX('가격표'!$D$2:$K$501,MATCH(C13,'가격표'!$A$2:$A$501,0),MATCH(E13,'가격표'!$D$1:$K$1,0))),"")) | K13: =IF(C13="","",IFERROR(INDEX('판매구성'!$D$2:$D$501,MATCH(C13,'판매구성'!$A$2:$A$501,0)),"")) | L13: =IF(OR(J13="",K13=""),"",ROUND(J13-(J13-K13)*'설정'!$B$2,0)) | M13: =IF(OR(A13="",J13=""),"",ROUND(J13*N(IFERROR(INDEX('판매채널'!$F$2:$F$501,MATCH(A13,'판매채널'!$A$2:$A$501,0)),"")),0)) | N13: =IF(OR(J13="",K13=""),"",J13-M13-K13) | O13: =IF(OR(J13="",J13=0),"",N13/J13)
... B501: =IF(A501="","",IFERROR(INDEX('판매채널'!$B$2:$B$501,MATCH(A501,'판매채널'!$A$2:$A$501,0)),"")) | D501: =IF(C501="","",IFERROR(INDEX('판매구성'!$B$2:$B$501,MATCH(C501,'판매구성'!$A$2:$A$501,0)),"")) | I501: =IF(C501="","",IFERROR(INDEX('판매구성'!$C$2:$C$501,MATCH(C501,'판매구성'!$A$2:$A$501,0)),"")) | J501: =IF(OR(C501="",E501=""),"",IFERROR(IF(INDEX('가격표'!$D$2:$K$501,MATCH(C501,'가격표'!$A$2:$A$501,0),MATCH(E501,'가격표'!$D$1:$K$1,0))="","",INDEX('가격표'!$D$2:$K$501,MATCH(C501,'가격표'!$A$2:$A$501,0),MATCH(E501,'가격표'!$D$1:$K$1,0))),"")) | K501: =IF(C501="","",IFERROR(INDEX('판매구성'!$D$2:$D$501,MATCH(C501,'판매구성'!$A$2:$A$501,0)),"")) | L501: =IF(OR(J501="",K501=""),"",ROUND(J501-(J501-K501)*'설정'!$B$2,0)) | M501: =IF(OR(A501="",J501=""),"",ROUND(J501*N(IFERROR(INDEX('판매채널'!$F$2:$F$501,MATCH(A501,'판매채널'!$A$2:$A$501,0)),"")),0)) | N501: =IF(OR(J501="",K501=""),"",J501-M501-K501) | O501: =IF(OR(J501="",J501=0),"",N501/J501)

Sheet 가격표
A1: 구성코드 | B1: 구성명 | C1: 구성원가 | D1: 소비자가격 | E1: 상시할인가 | F1: 브랜드위크가 | G1: 원데이특가 | H1: 모바일라이브방송가 | I1: 공동구매가 | J1: 폐쇄몰가격 | K1: 오프라인가격
B2: =IF(A2="","",IFERROR(INDEX('판매구성'!$B$2:$B$501,MATCH(A2,'판매구성'!$A$2:$A$501,0)),"")) | C2: =IF(A2="","",IFERROR(INDEX('판매구성'!$D$2:$D$501,MATCH(A2,'판매구성'!$A$2:$A$501,0)),""))
B3: =IF(A3="","",IFERROR(INDEX('판매구성'!$B$2:$B$501,MATCH(A3,'판매구성'!$A$2:$A$501,0)),"")) | C3: =IF(A3="","",IFERROR(INDEX('판매구성'!$D$2:$D$501,MATCH(A3,'판매구성'!$A$2:$A$501,0)),""))
B4: =IF(A4="","",IFERROR(INDEX('판매구성'!$B$2:$B$501,MATCH(A4,'판매구성'!$A$2:$A$501,0)),"")) | C4: =IF(A4="","",IFERROR(INDEX('판매구성'!$D$2:$D$501,MATCH(A4,'판매구성'!$A$2:$A$501,0)),""))
B5: =IF(A5="","",IFERROR(INDEX('판매구성'!$B$2:$B$501,MATCH(A5,'판매구성'!$A$2:$A$501,0)),"")) | C5: =IF(A5="","",IFERROR(INDEX('판매구성'!$D$2:$D$501,MATCH(A5,'판매구성'!$A$2:$A$501,0)),""))
B6: =IF(A6="","",IFERROR(INDEX('판매구성'!$B$2:$B$501,MATCH(A6,'판매구성'!$A$2:$A$501,0)),"")) | C6: =IF(A6="","",IFERROR(INDEX('판매구성'!$D$2:$D$501,MATCH(A6,'판매구성'!$A$2:$A$501,0)),""))
B7: =IF(A7="","",IFERROR(INDEX('판매구성'!$B$2:$B$501,MATCH(A7,'판매구성'!$A$2:$A$501,0)),"")) | C7: =IF(A7="","",IFERROR(INDEX('판매구성'!$D$2:$D$501,MATCH(A7,'판매구성'!$A$2:$A$501,0)),""))
B8: =IF(A8="","",IFERROR(INDEX('판매구성'!$B$2:$B$501,MATCH(A8,'판매구성'!$A$2:$A$501,0)),"")) | C8: =IF(A8="","",IFERROR(INDEX('판매구성'!$D$2:$D$501,MATCH(A8,'판매구성'!$A$2:$A$501,0)),""))
B9: =IF(A9="","",IFERROR(INDEX('판매구성'!$B$2:$B$501,MATCH(A9,'판매구성'!$A$2:$A$501,0)),"")) | C9: =IF(A9="","",IFERROR(INDEX('판매구성'!$D$2:$D$501,MATCH(A9,'판매구성'!$A$2:$A$501,0)),""))
B10: =IF(A10="","",IFERROR(INDEX('판매구성'!$B$2:$B$501,MATCH(A10,'판매구성'!$A$2:$A$501,0)),"")) | C10: =IF(A10="","",IFERROR(INDEX('판매구성'!$D$2:$D$501,MATCH(A10,'판매구성'!$A$2:$A$501,0)),""))
B11: =IF(A11="","",IFERROR(INDEX('판매구성'!$B$2:$B$501,MATCH(A11,'판매구성'!$A$2:$A$501,0)),"")) | C11: =IF(A11="","",IFERROR(INDEX('판매구성'!$D$2:$D$501,MATCH(A11,'판매구성'!$A$2:$A$501,0)),""))
B12: =IF(A12="","",IFERROR(INDEX('판매구성'!$B$2:$B$501,MATCH(A12,'판매구성'!$A$2:$A$501,0)),"")) | C12: =IF(A12="","",IFERROR(INDEX('판매구성'!$D$2:$D$501,MATCH(A12,'판매구성'!$A$2:$A$501,0)),""))
B13: =IF(A13="","",IFERROR(INDEX('판매구성'!$B$2:$B$501,MATCH(A13,'판매구성'!$A$2:$A$501,0)),"")) | C13: =IF(A13="","",IFERROR(INDEX('판매구성'!$D$2:$D$501,MATCH(A13,'판매구성'!$A$2:$A$501,0)),""))
... B501: =IF(A501="","",IFERROR(INDEX('판매구성'!$B$2:$B$501,MATCH(A501,'판매구성'!$A$2:$A$501,0)),"")) | C501: =IF(A501="","",IFERROR(INDEX('판매구성'!$D$2:$D$501,MATCH(A501,'판매구성'!$A$2:$A$501,0)),""))

Sheet 판매구성
A1: 구성코드 | B1: 구성명 | C1: 사방넷코드 | D1: 구성원가 | E1: 구성품수 | F1: 상태
D2: =IF(A2="","",SUMIFS('구성품'!$F$2:$F$501,'구성품'!$A$2:$A$501,A2)) | E2: =IF(A2="","",COUNTIF('구성품'!$A$2:$A$501,A2))
D3: =IF(A3="","",SUMIFS('구성품'!$F$2:$F$501,'구성품'!$A$2:$A$501,A3)) | E3: =IF(A3="","",COUNTIF('구성품'!$A$2:$A$501,A3))
D4: =IF(A4="","",SUMIFS('구성품'!$F$2:$F$501,'구성품'!$A$2:$A$501,A4)) | E4: =IF(A4="","",COUNTIF('구성품'!$A$2:$A$501,A4))
D5: =IF(A5="","",SUMIFS('구성품'!$F$2:$F$501,'구성품'!$A$2:$A$501,A5)) | E5: =IF(A5="","",COUNTIF('구성품'!$A$2:$A$501,A5))
D6: =IF(A6="","",SUMIFS('구성품'!$F$2:$F$501,'구성품'!$A$2:$A$501,A6)) | E6: =IF(A6="","",COUNTIF('구성품'!$A$2:$A$501,A6))
D7: =IF(A7="","",SUMIFS('구성품'!$F$2:$F$501,'구성품'!$A$2:$A$501,A7)) | E7: =IF(A7="","",COUNTIF('구성품'!$A$2:$A$501,A7))
D8: =IF(A8="","",SUMIFS('구성품'!$F$2:$F$501,'구성품'!$A$2:$A$501,A8)) | E8: =IF(A8="","",COUNTIF('구성품'!$A$2:$A$501,A8))
D9: =IF(A9="","",SUMIFS('구성품'!$F$2:$F$501,'구성품'!$A$2:$A$501,A9)) | E9: =IF(A9="","",COUNTIF('구성품'!$A$2:$A$501,A9))
D10: =IF(A10="","",SUMIFS('구성품'!$F$2:$F$501,'구성품'!$A$2:$A$501,A10)) | E10: =IF(A10="","",COUNTIF('구성품'!$A$2:$A$501,A10))
D11: =IF(A11="","",SUMIFS('구성품'!$F$2:$F$501,'구성품'!$A$2:$A$501,A11)) | E11: =IF(A11="","",COUNTIF('구성품'!$A$2:$A$501,A11))
D12: =IF(A12="","",SUMIFS('구성품'!$F$2:$F$501,'구성품'!$A$2:$A$501,A12)) | E12: =IF(A12="","",COUNTIF('구성품'!$A$2:$A$501,A12))
D13: =IF(A13="","",SUMIFS('구성품'!$F$2:$F$501,'구성품'!$A$2:$A$501,A13)) | E13: =IF(A13="","",COUNTIF('구성품'!$A$2:$A$501,A13))
... D501: =IF(A501="","",SUMIFS('구성품'!$F$2:$F$501,'구성품'!$A$2:$A$501,A501)) | E501: =IF(A501="","",COUNTIF('구성품'!$A$2:$A$501,A501))

Sheet 구성품
A1: 구성코드 | B1: 구성명 | C1: SKU코드 | D1: 상품명 | E1: 수량 | F1: 원가합
B2: =IF(A2="","",IFERROR(INDEX('판매구성'!$B$2:$B$501,MATCH(A2,'판매구성'!$A$2:$A$501,0)),"")) | D2: =IF(C2="","",IFERROR(INDEX('SKU'!$B$2:$B$501,MATCH(C2,'SKU'!$A$2:$A$501,0)),"")) | F2: =IF(OR(C2="",E2=""),"",E2*N(IFERROR(INDEX('SKU'!$E$2:$E$501,MATCH(C2,'SKU'!$A$2:$A$501,0)),"")))
B3: =IF(A3="","",IFERROR(INDEX('판매구성'!$B$2:$B$501,MATCH(A3,'판매구성'!$A$2:$A$501,0)),"")) | D3: =IF(C3="","",IFERROR(INDEX('SKU'!$B$2:$B$501,MATCH(C3,'SKU'!$A$2:$A$501,0)),"")) | F3: =IF(OR(C3="",E3=""),"",E3*N(IFERROR(INDEX('SKU'!$E$2:$E$501,MATCH(C3,'SKU'!$A$2:$A$501,0)),"")))
B4: =IF(A4="","",IFERROR(INDEX('판매구성'!$B$2:$B$501,MATCH(A4,'판매구성'!$A$2:$A$501,0)),"")) | D4: =IF(C4="","",IFERROR(INDEX('SKU'!$B$2:$B$501,MATCH(C4,'SKU'!$A$2:$A$501,0)),"")) | F4: =IF(OR(C4="",E4=""),"",E4*N(IFERROR(INDEX('SKU'!$E$2:$E$501,MATCH(C4,'SKU'!$A$2:$A$501,0)),"")))
B5: =IF(A5="","",IFERROR(INDEX('판매구성'!$B$2:$B$501,MATCH(A5,'판매구성'!$A$2:$A$501,0)),"")) | D5: =IF(C5="","",IFERROR(INDEX('SKU'!$B$2:$B$501,MATCH(C5,'SKU'!$A$2:$A$501,0)),"")) | F5: =IF(OR(C5="",E5=""),"",E5*N(IFERROR(INDEX('SKU'!$E$2:$E$501,MATCH(C5,'SKU'!$A$2:$A$501,0)),"")))
B6: =IF(A6="","",IFERROR(INDEX('판매구성'!$B$2:$B$501,MATCH(A6,'판매구성'!$A$2:$A$501,0)),"")) | D6: =IF(C6="","",IFERROR(INDEX('SKU'!$B$2:$B$501,MATCH(C6,'SKU'!$A$2:$A$501,0)),"")) | F6: =IF(OR(C6="",E6=""),"",E6*N(IFERROR(INDEX('SKU'!$E$2:$E$501,MATCH(C6,'SKU'!$A$2:$A$501,0)),"")))
B7: =IF(A7="","",IFERROR(INDEX('판매구성'!$B$2:$B$501,MATCH(A7,'판매구성'!$A$2:$A$501,0)),"")) | D7: =IF(C7="","",IFERROR(INDEX('SKU'!$B$2:$B$501,MATCH(C7,'SKU'!$A$2:$A$501,0)),"")) | F7: =IF(OR(C7="",E7=""),"",E7*N(IFERROR(INDEX('SKU'!$E$2:$E$501,MATCH(C7,'SKU'!$A$2:$A$501,0)),"")))
B8: =IF(A8="","",IFERROR(INDEX('판매구성'!$B$2:$B$501,MATCH(A8,'판매구성'!$A$2:$A$501,0)),"")) | D8: =IF(C8="","",IFERROR(INDEX('SKU'!$B$2:$B$501,MATCH(C8,'SKU'!$A$2:$A$501,0)),"")) | F8: =IF(OR(C8="",E8=""),"",E8*N(IFERROR(INDEX('SKU'!$E$2:$E$501,MATCH(C8,'SKU'!$A$2:$A$501,0)),"")))
B9: =IF(A9="","",IFERROR(INDEX('판매구성'!$B$2:$B$501,MATCH(A9,'판매구성'!$A$2:$A$501,0)),"")) | D9: =IF(C9="","",IFERROR(INDEX('SKU'!$B$2:$B$501,MATCH(C9,'SKU'!$A$2:$A$501,0)),"")) | F9: =IF(OR(C9="",E9=""),"",E9*N(IFERROR(INDEX('SKU'!$E$2:$E$501,MATCH(C9,'SKU'!$A$2:$A$501,0)),"")))
B10: =IF(A10="","",IFERROR(INDEX('판매구성'!$B$2:$B$501,MATCH(A10,'판매구성'!$A$2:$A$501,0)),"")) | D10: =IF(C10="","",IFERROR(INDEX('SKU'!$B$2:$B$501,MATCH(C10,'SKU'!$A$2:$A$501,0)),"")) | F10: =IF(OR(C10="",E10=""),"",E10*N(IFERROR(INDEX('SKU'!$E$2:$E$501,MATCH(C10,'SKU'!$A$2:$A$501,0)),"")))
B11: =IF(A11="","",IFERROR(INDEX('판매구성'!$B$2:$B$501,MATCH(A11,'판매구성'!$A$2:$A$501,0)),"")) | D11: =IF(C11="","",IFERROR(INDEX('SKU'!$B$2:$B$501,MATCH(C11,'SKU'!$A$2:$A$501,0)),"")) | F11: =IF(OR(C11="",E11=""),"",E11*N(IFERROR(INDEX('SKU'!$E$2:$E$501,MATCH(C11,'SKU'!$A$2:$A$501,0)),"")))
B12: =IF(A12="","",IFERROR(INDEX('판매구성'!$B$2:$B$501,MATCH(A12,'판매구성'!$A$2:$A$501,0)),"")) | D12: =IF(C12="","",IFERROR(INDEX('SKU'!$B$2:$B$501,MATCH(C12,'SKU'!$A$2:$A$501,0)),"")) | F12: =IF(OR(C12="",E12=""),"",E12*N(IFERROR(INDEX('SKU'!$E$2:$E$501,MATCH(C12,'SKU'!$A$2:$A$501,0)),"")))
B13: =IF(A13="","",IFERROR(INDEX('판매구성'!$B$2:$B$501,MATCH(A13,'판매구성'!$A$2:$A$501,0)),"")) | D13: =IF(C13="","",IFERROR(INDEX('SKU'!$B$2:$B$501,MATCH(C13,'SKU'!$A$2:$A$501,0)),"")) | F13: =IF(OR(C13="",E13=""),"",E13*N(IFERROR(INDEX('SKU'!$E$2:$E$501,MATCH(C13,'SKU'!$A$2:$A$501,0)),"")))
... B501: =IF(A501="","",IFERROR(INDEX('판매구성'!$B$2:$B$501,MATCH(A501,'판매구성'!$A$2:$A$501,0)),"")) | D501: =IF(C501="","",IFERROR(INDEX('SKU'!$B$2:$B$501,MATCH(C501,'SKU'!$A$2:$A$501,0)),"")) | F501: =IF(OR(C501="",E501=""),"",E501*N(IFERROR(INDEX('SKU'!$E$2:$E$501,MATCH(C501,'SKU'!$A$2:$A$501,0)),"")))

Sheet SKU
A1: SKU코드 | B1: 상품명 | C1: 브랜드 | D1: 규격 | E1: 원가 | F1: 바코드 | G1: 사방넷품번코드 | H1: 사방넷단품코드 | I1: 상태

Sheet 판매채널
A1: 채널코드 | B1: 채널명 | C1: 사방넷연동 | D1: 송신권한 | E1: 쇼핑몰ID | F1: 수수료율 | G1: 상태
A2: CPG | B2: 쿠팡 | C2: Y | D2: N | G2: 사용
A3: SST | B3: 스마트스토어 | C3: Y | D3: N | G3: 사용
A4: SHOPL | B4: 슈플 | C4: N | D4: N | G4: 사용

Sheet 광고채널
A1: 광고코드 | B1: 매체명 | C1: 유형 | D1: 과금방식 | E1: 상태

Sheet 설정
A1: 항목 | B1: 값
A2: 공급가 마진배분율 | B2: 0.5
